{"stats":{"minecraft:picked_up":{"minecraft:stick":2,"minecraft:crafting_table":1,"croptopia:peach":5,"minecraft:apple":11,"minecraft:wheat_seeds":1,"croptopia:orange":23,"minecraft:oak_log":33,"minecraft:oak_sapling":10},"minecraft:crafted":{"minecraft:oak_planks":12,"minecraft:crafting_table":1,"minecraft:stick":4,"minecraft:wooden_axe":1},"minecraft:custom":{"minecraft:time_since_rest":4555,"minecraft:crouch_one_cm":35,"minecraft:sprint_one_cm":28269,"minecraft:play_time":4555,"minecraft:damage_taken":100,"minecraft:walk_one_cm":9026,"minecraft:sneak_time":3,"minecraft:jump":52,"minecraft:walk_on_water_one_cm":717,"minecraft:leave_game":2,"minecraft:time_since_death":4555,"minecraft:total_world_time":4555,"minecraft:fall_one_cm":836,"minecraft:interact_with_crafting_table":2,"minecraft:fly_one_cm":13864},"minecraft:used":{"minecraft:wooden_axe":38,"minecraft:crafting_table":1},"minecraft:mined":{"minecraft:grass":3,"minecraft:oak_log":33,"minecraft:crafting_table":1}},"DataVersion":3120}